Дата;Тип транзакции;Статус;Сумма
2020-10-11 03:00:00;Пополнение;1;1422142
2020-10-11 03:00:00;Пополнение;1;123
2020-10-11 03:00:00;Пополнение;1;123
2020-10-11 03:00:00;Пополнение;1;123
2020-10-11 03:00:00;Пополнение;1;123
2020-10-11 03:00:00;Пополнение;1;123
2020-10-11 03:00:00;Пополнение;1;123
2020-10-11 03:00:00;Пополнение;1;123
2020-10-11 03:00:00;Пополнение;1;123
2020-10-11 03:00:00;Пополнение;1;124214
2020-10-11 03:00:00;Пополнение;1;123
2020-10-11 03:00:00;Пополнение;1;123
2020-10-11 03:00:00;Пополнение;1;123
2020-10-11 03:00:00;Пополнение;1;123
2020-10-11 03:00:00;Пополнение;1;123
2020-10-11 03:00:00;Пополнение;1;123
2020-10-11 03:00:00;Пополнение;1;123
2020-10-11 03:00:00;Пополнение;1;123
2020-10-11 03:00:00;Пополнение;1;123
2020-10-11 03:00:00;Пополнение;1;123
2020-10-11 03:00:00;Пополнение;1;123
2020-10-11 03:00:00;Пополнение;1;124214
2020-10-11 03:00:00;Пополнение;1;123
2020-10-11 03:00:00;Пополнение;1;123
2020-10-11 03:00:00;Пополнение;1;123
2020-10-11 03:00:00;Пополнение;1;123
2020-10-11 03:00:00;Пополнение;1;123
2020-10-11 03:00:00;Пополнение;1;123
2020-10-11 03:00:00;Пополнение;1;123
2020-10-11 03:00:00;Пополнение;1;123
2020-10-11 03:00:00;Пополнение;1;123
2020-10-11 03:00:00;Пополнение;1;123
2020-10-11 03:00:00;Пополнение;1;421412
2020-10-11 03:00:00;Пополнение;1;123
2020-10-11 03:00:00;Пополнение;1;31213
2020-10-11 03:00:00;Пополнение;1;123
2020-10-11 03:00:00;Пополнение;1;123
2020-10-11 03:00:00;Пополнение;1;123
2020-10-11 03:00:00;Пополнение;1;123
2020-10-11 03:00:00;Пополнение;1;123
2020-10-11 03:00:00;Пополнение;1;123
2020-10-11 03:00:00;Пополнение;1;123
2020-10-11 03:00:00;Пополнение;1;123
2020-10-11 03:00:00;Пополнение;1;123
2020-10-11 03:00:00;Пополнение;1;123
